{"START": {"ADP": 0.007628294036061026, "N": 0.27430336653637627, "V": 0.01834573193796495, "INTJ": 0.001323918799646955, "DET": 0.012041356701550876, "PUNC": 0.15136804942630186, "X": 0.3953473710755264, "ADV": 0.014563106796116505, "PRON": 0.028432732316227463, "CONJ": 0.0057369814651368044, "PART": 0.043563232883621225, "ADJ": 0.04734585802546967}, "ADP": {"ADP": 0.02311849479583667, "N": 0.40042033626901524, "V": 0.1692353883106485, "INTJ": 0.001100880704563651, "DET": 0.0981785428342674, "PUNC": 0.048138510808646916, "X": 0.0771617293835068, "ADV": 0.0161128903122498, "PRON": 0.09517614091273018, "CONJ": 0.001100880704563651, "PART": 0.00910728582866293, "ADJ": 0.06114891913530825}, "N": {"ADP": 0.06383770035512044, "N": 0.4520707361551012, "V": 0.10762789135233707, "INTJ": 0.005890680487570784, "DET": 0.008410116133985986, "PUNC": 0.15813657740666087, "X": 0.11914531145023514, "ADV": 0.01416882618293502, "PRON": 0.019927536231884056, "CONJ": 0.01188933678855936, "PART": 0.011169498032440732, "ADJ": 0.02772578942316921}, "V": {"ADP": 0.07809294442957809, "N": 0.26585496387476587, "V": 0.14632949781464635, "INTJ": 0.0036125234145036127, "DET": 0.05846936044955847, "PUNC": 0.13651770582463654, "X": 0.08835072696458836, "ADV": 0.03750780483453751, "PRON": 0.09905450004459906, "CONJ": 0.014762287039514764, "PART": 0.012532334314512533, "ADJ": 0.05891535099455892}, "DET": {"ADP": 0.015164459632635626, "N": 0.6601879538658694, "V": 0.03438701409653994, "INTJ": 0.00021358393848782572, "DET": 0.03865869286629646, "PUNC": 0.040794532251174714, "X": 0.03865869286629646, "ADV": 0.008756941478000853, "PRON": 0.0023494233233660833, "CONJ": 0.00021358393848782572, "PART": 0.0023494233233660833, "ADJ": 0.15826569841947885}, "PUNC": {"ADP": 0.02092033724686786, "N": 0.3554093452052636, "V": 0.06031833582853991, "INTJ": 0.015404617445433774, "DET": 0.02052635726105114, "PUNC": 0.10877787408399656, "X": 0.21397053029706092, "ADV": 0.03195177684973603, "PRON": 0.061106295800173356, "CONJ": 0.024466157119218346, "PART": 0.023284217161768185, "ADJ": 0.0638641557008904}, "X": {"ADP": 0.013725778038755139, "N": 0.2268301037385007, "V": 0.04871305539244471, "INTJ": 0.003939127030730085, "DET": 0.006875122333137601, "PUNC": 0.13899491094147584, "X": 0.42623311802701114, "ADV": 0.016417107065962028, "PRON": 0.027916422000391464, "CONJ": 0.0044284595811313375, "PART": 0.046511058915639066, "ADJ": 0.03941573693482091}, "ADV": {"ADP": 0.0646300914380715, "N": 0.15399002493765584, "V": 0.22256857855361595, "INTJ": 0.006442227763923525, "DET": 0.020989193682460515, "PUNC": 0.08125519534497092, "X": 0.06670822942643392, "ADV": 0.04800498753117207, "PRON": 0.03969243557772237, "CONJ": 0.010598503740648378, "PART": 0.004364089775561098, "ADJ": 0.2807564422277639}, "PRON": {"ADP": 0.045860299040392766, "N": 0.2779513501450569, "V": 0.3605222048649855, "INTJ": 0.005690694041508591, "DET": 0.015733095291229637, "PUNC": 0.09607230528899798, "X": 0.06482927917875474, "ADV": 0.038049542512831956, "PRON": 0.046976121401472885, "CONJ": 0.00903816112474894, "PART": 0.012385628207989286, "ADJ": 0.026891318902030798}, "CONJ": {"ADP": 0.01600312256049961, "N": 0.460967993754879, "V": 0.10967993754879002, "INTJ": 0.00039032006245121005, "DET": 0.03161592505854801, "PUNC": 0.03161592505854801, "X": 0.06674473067915691, "ADV": 0.07064793130366902, "PRON": 0.10187353629976582, "CONJ": 0.00039032006245121005, "PART": 0.012099921935987511, "ADJ": 0.09797033567525372}, "PART": {"ADP": 0.013998422712933754, "N": 0.3610015772870662, "V": 0.053430599369085174, "INTJ": 0.00611198738170347, "DET": 0.02385646687697161, "PUNC": 0.1875, "X": 0.09089116719242903, "ADV": 0.02779968454258675, "PRON": 0.043572555205047325, "CONJ": 0.00611198738170347, "PART": 0.12243690851735016, "ADJ": 0.06328864353312304}, "ADJ": {"ADP": 0.060385169186465075, "N": 0.6480381569474442, "V": 0.05228581713462923, "INTJ": 0.0018898488120950325, "DET": 0.008189344852411807, "PUNC": 0.08828293736501079, "X": 0.057685385169186455, "ADV": 0.012688984881209502, "PRON": 0.018088552915766738, "CONJ": 0.014488840892728583, "PART": 0.009089272858171345, "ADJ": 0.02888768898488121}, "INTJ": {"ADP": 0.03125, "N": 0.20982142857142855, "V": 0.01636904761904762, "INTJ": 0.19494047619047616, "DET": 0.001488095238095238, "PUNC": 0.3288690476190476, "X": 0.12053571428571427, "ADV": 0.01636904761904762, "PRON": 0.01636904761904762, "CONJ": 0.01636904761904762, "PART": 0.01636904761904762, "ADJ": 0.03125}}