{"START": {"SYM": 0.009678246378669401, "J": 0.04493013716190231, "V": 0.07120881938213049, "N": 0.16606845276246637, "PRT": 0.06608127163184206, "CC": 0.02634277656710678, "PRP": 0.09620561466478655, "PSP": 0.057108063068837325, "DT": 0.02121522881681836, "R": 0.057749006537623375, "X": 0.014164850660171773, "E": 0.0007050378156646584, "null": 0.0007050378156646584, "en": 0.0007050378156646584, "G_J": 0.04557108063068837, "G_N": 0.17440071785668504, "G_V": 0.057749006537623375, "G_PRP": 0.023779002691962568, "G_SYM": 0.0019869247532367643, "G_PRT": 0.05646711960005127, "$": 0.0013459812844507115, "G_R": 0.0058325855659530825}, "SYM": {"SYM": 0.024818401937046004, "J": 0.1337772397094431, "V": 0.1398305084745763, "N": 0.3940677966101695, "PRT": 0.04903147699757869, "CC": 0.024818401937046004, "PRP": 0.024818401937046004, "PSP": 0.12772397094430996, "DT": 0.012711864406779662, "R": 0.04297820823244552, "X": 0.018765133171912834, "E": 0.0006053268765133172, "null": 0.0006053268765133172, "en": 0.0006053268765133172, "G_J": 0.0006053268765133172, "G_N": 0.0006053268765133172, "G_V": 0.0006053268765133172, "G_PRP": 0.0006053268765133172, "G_SYM": 0.0006053268765133172, "G_PRT": 0.0006053268765133172, "$": 0.0006053268765133172, "G_R": 0.0006053268765133172}, "J": {"SYM": 0.005028025057698648, "J": 0.06684800527530498, "V": 0.12701945268710846, "N": 0.5086547972304649, "PRT": 0.02645895153313551, "CC": 0.057781074843389374, "PRP": 0.046241345202769533, "PSP": 0.09734586218265742, "DT": 0.013270689086712827, "R": 0.03799868117375536, "X": 0.012446422683811407, "E": 8.242664029014178e-05, "null": 8.242664029014178e-05, "en": 8.242664029014178e-05, "G_J": 8.242664029014178e-05, "G_N": 8.242664029014178e-05, "G_V": 8.242664029014178e-05, "G_PRP": 8.242664029014178e-05, "G_SYM": 8.242664029014178e-05, "G_PRT": 8.242664029014178e-05, "$": 8.242664029014178e-05, "G_R": 8.242664029014178e-05}, "V": {"SYM": 0.008113325680893249, "J": 0.05898466033601169, "V": 0.23533862047375562, "N": 0.1210737764791819, "PRT": 0.06289783992486696, "CC": 0.04281018470207659, "PRP": 0.14690076176562664, "PSP": 0.1182041114473547, "DT": 0.11846499008661172, "R": 0.07776792236251696, "X": 0.008374204320150267, "E": 0.0005478451424397371, "null": 0.00028696650318271944, "en": 2.6087863925701766e-05, "G_J": 2.6087863925701766e-05, "G_N": 2.6087863925701766e-05, "G_V": 2.6087863925701766e-05, "G_PRP": 2.6087863925701766e-05, "G_SYM": 2.6087863925701766e-05, "G_PRT": 2.6087863925701766e-05, "$": 2.6087863925701766e-05, "G_R": 2.6087863925701766e-05}, "N": {"SYM": 0.007444598337950139, "J": 0.028467550455085082, "V": 0.18576869806094184, "N": 0.262687969924812, "PRT": 0.035887415908191535, "CC": 0.06878215275029681, "PRP": 0.10884942619707164, "PSP": 0.19269390581717452, "DT": 0.030693510091017017, "R": 0.06358824693312229, "X": 0.014617134942619708, "E": 0.0002720617332805699, "null": 2.473288484368817e-05, "en": 2.473288484368817e-05, "G_J": 2.473288484368817e-05, "G_N": 2.473288484368817e-05, "G_V": 2.473288484368817e-05, "G_PRP": 2.473288484368817e-05, "G_SYM": 2.473288484368817e-05, "G_PRT": 2.473288484368817e-05, "$": 2.473288484368817e-05, "G_R": 2.473288484368817e-05}, "PRT": {"SYM": 0.01265294771968854, "J": 0.04046162402669633, "V": 0.3102057842046718, "N": 0.17394327030033369, "PRT": 0.12944938820912122, "CC": 0.01960511679644049, "PRP": 0.11971635150166851, "PSP": 0.0835650723025584, "DT": 0.05992769744160178, "R": 0.04324249165739711, "X": 0.0057007786429365956, "E": 0.00013904338153503893, "null": 0.00013904338153503893, "en": 0.00013904338153503893, "G_J": 0.00013904338153503893, "G_N": 0.00013904338153503893, "G_V": 0.00013904338153503893, "G_PRP": 0.00013904338153503893, "G_SYM": 0.00013904338153503893, "G_PRT": 0.00013904338153503893, "$": 0.00013904338153503893, "G_R": 0.00013904338153503893}, "CC": {"SYM": 0.009631036353771024, "J": 0.06524688008681498, "V": 0.26329354313619097, "N": 0.17647856755290287, "PRT": 0.015056972327726532, "CC": 0.010987520347259902, "PRP": 0.1561313076505697, "PSP": 0.025908844275637548, "DT": 0.1100108518719479, "R": 0.08559413998914812, "X": 0.013700488334237655, "E": 0.0014921323928377645, "null": 0.00013564839934888768, "en": 0.00013564839934888768, "G_J": 0.013700488334237655, "G_N": 0.032691264243081934, "G_V": 0.012344004340748779, "G_PRP": 0.0014921323928377645, "G_SYM": 0.0014921323928377645, "G_PRT": 0.0028486163863266412, "$": 0.00013564839934888768, "G_R": 0.0014921323928377645}, "PRP": {"SYM": 0.005858996707340694, "J": 0.04556459422816192, "V": 0.48813674220414494, "N": 0.15935502614758865, "PRT": 0.02668022467557622, "CC": 0.021838078636451676, "PRP": 0.06929110981987217, "PSP": 0.07364904125508426, "DT": 0.03200658531861321, "R": 0.07413325585899672, "X": 0.0029537090838659694, "E": 4.842146039124541e-05, "null": 4.842146039124541e-05, "en": 4.842146039124541e-05, "G_J": 4.842146039124541e-05, "G_N": 4.842146039124541e-05, "G_V": 4.842146039124541e-05, "G_PRP": 4.842146039124541e-05, "G_SYM": 4.842146039124541e-05, "G_PRT": 4.842146039124541e-05, "$": 4.842146039124541e-05, "G_R": 4.842146039124541e-05}, "PSP": {"SYM": 0.016712694029140083, "J": 0.06432720693267308, "V": 0.15860394248166843, "N": 0.20669460051423677, "PRT": 0.029568612513093995, "CC": 0.011951242738786784, "PRP": 0.15908008761070377, "PSP": 0.05099514331968384, "DT": 0.18288734406247026, "R": 0.03623464431958861, "X": 0.012903532996857444, "E": 0.001476049900009523, "null": 4.7614512903533e-05, "en": 4.7614512903533e-05, "G_J": 0.003380630416150843, "G_N": 0.03147319302923531, "G_V": 0.025283306351776023, "G_PRP": 0.003380630416150843, "G_SYM": 0.002428340158080183, "G_PRT": 0.001476049900009523, "$": 0.0009999047709741932, "G_R": 4.7614512903533e-05}, "DT": {"SYM": 0.007587139423076922, "J": 0.22693810096153846, "V": 0.05716646634615384, "N": 0.5424429086538461, "PRT": 0.00458233173076923, "CC": 0.008338341346153846, "PRP": 0.020357572115384616, "PSP": 0.029371995192307692, "DT": 0.031625600961538464, "R": 0.027869591346153848, "X": 0.015850360576923076, "E": 7.512019230769231e-05, "null": 7.512019230769231e-05, "en": 7.512019230769231e-05, "G_J": 0.00458233173076923, "G_N": 0.019606370192307692, "G_V": 0.0023287259615384615, "G_PRP": 7.512019230769231e-05, "G_SYM": 7.512019230769231e-05, "G_PRT": 7.512019230769231e-05, "$": 7.512019230769231e-05, "G_R": 0.0008263221153846154}, "R": {"SYM": 0.009138617444806369, "J": 0.12404994571118348, "V": 0.2588671733622874, "N": 0.0960007238508867, "PRT": 0.029949330437929786, "CC": 0.03628302569670648, "PRP": 0.169290626131017, "PSP": 0.12766920014477018, "DT": 0.05890336590662323, "R": 0.08152370611653999, "X": 0.006424176619616358, "E": 0.0009952949692363373, "null": 9.048136083966703e-05, "en": 9.048136083966703e-05, "G_J": 9.048136083966703e-05, "G_N": 9.048136083966703e-05, "G_V": 9.048136083966703e-05, "G_PRP": 9.048136083966703e-05, "G_SYM": 9.048136083966703e-05, "G_PRT": 9.048136083966703e-05, "$": 9.048136083966703e-05, "G_R": 9.048136083966703e-05}, "X": {"SYM": 0.005360623781676414, "J": 0.0297270955165692, "V": 0.17105263157894737, "N": 0.3611111111111111, "PRT": 0.01510721247563353, "CC": 0.04434697855750487, "PRP": 0.07358674463937621, "PSP": 0.10769980506822613, "DT": 0.05409356725146199, "R": 0.04434697855750487, "X": 0.0882066276803119, "E": 0.0004873294346978558, "null": 0.0004873294346978558, "en": 0.0004873294346978558, "G_J": 0.0004873294346978558, "G_N": 0.0004873294346978558, "G_V": 0.0004873294346978558, "G_PRP": 0.0004873294346978558, "G_SYM": 0.0004873294346978558, "G_PRT": 0.0004873294346978558, "$": 0.0004873294346978558, "G_R": 0.0004873294346978558}, "E": {"SYM": 0.010869565217391306, "J": 0.11956521739130437, "V": 0.3369565217391305, "N": 0.2282608695652174, "PRT": 0.010869565217391306, "CC": 0.010869565217391306, "PRP": 0.010869565217391306, "PSP": 0.010869565217391306, "DT": 0.010869565217391306, "R": 0.11956521739130437, "X": 0.010869565217391306, "E": 0.010869565217391306,