{"START": {"SYM": 0.009627727856225931, "V": 0.07124518613607189, "PRP": 0.0962772785622593, "N": 0.1662387676508344, "J": 0.044929396662387676, "PRT": 0.06611039794608473, "DT": 0.021181001283697046, "R": 0.057766367137355584, "PSP": 0.05712451861360719, "X": 0.014120667522464698, "CC": 0.02631578947368421, "en": 0.0006418485237483953, "E": 0.0006418485237483953, "G_J": 0.045571245186136075, "G_V": 0.057766367137355584, "G_N": 0.17458279845956354, "G_PRT": 0.05648267008985879, "G_PRP": 0.02374839537869063, "$": 0.0012836970474967907, "null": 0.0006418485237483953, "G_SYM": 0.0019255455712451862, "G_R": 0.005776636713735558}, "SYM": {"J": 0.13496932515337423, "N": 0.3987730061349693, "SYM": 0.024539877300613498, "V": 0.1411042944785276, "PRT": 0.049079754601226995, "CC": 0.024539877300613498, "R": 0.04294478527607362, "PSP": 0.12883435582822086, "PRP": 0.024539877300613498, "DT": 0.012269938650306749, "X": 0.018404907975460124}, "J": {"V": 0.12716763005780346, "N": 0.509496284062758, "PRT": 0.026424442609413706, "CC": 0.057803468208092484, "PRP": 0.046242774566473986, "PSP": 0.09744013212221304, "R": 0.037985136251032205, "SYM": 0.00495458298926507, "J": 0.06688687035507845, "DT": 0.013212221304706853, "X": 0.012386457473162676}, "V": {"J": 0.05899243017488906, "V": 0.2354476637953537, "PRT": 0.06290785695640824, "DT": 0.11850691725398069, "N": 0.12111720177499348, "R": 0.07778647872618115, "SYM": 0.00809188201513965, "PSP": 0.1182458888018794, "PRP": 0.1469590185330201, "CC": 0.042808666144609764, "X": 0.00835291046724093, "null": 0.00026102845210127906, "E": 0.0005220569042025581}, "N": {"PRT": 0.03588220737441227, "CC": 0.06879485275921801, "PRP": 0.10888393961890622, "PSP": 0.19277406582529077, "DT": 0.030685473892600842, "N": 0.26280623608017817, "V": 0.18584508784954218, "J": 0.02845830240039594, "R": 0.06359811927740658, "SYM": 0.007423904974016332, "X": 0.014600346448898788, "E": 0.00024746349913387774}, "PRT": {"N": 0.17433751743375175, "PRP": 0.1199442119944212, "J": 0.040446304044630406, "V": 0.3110181311018131, "PSP": 0.08368200836820083, "PRT": 0.1297071129707113, "R": 0.043235704323570434, "SYM": 0.012552301255230125, "CC": 0.019525801952580194, "DT": 0.0599721059972106, "X": 0.005578800557880056}, "CC": {"N": 0.17687074829931973, "J": 0.0653061224489796, "PSP": 0.02585034013605442, "PRP": 0.1564625850340136, "V": 0.2639455782312925, "R": 0.08571428571428572, "SYM": 0.009523809523809525, "DT": 0.11020408163265306, "PRT": 0.014965986394557823, "CC": 0.010884353741496598, "X": 0.013605442176870748, "E": 0.0013605442176870747, "G_PRP": 0.0013605442176870747, "G_V": 0.012244897959183673, "G_N": 0.0326530612244898, "G_J": 0.013605442176870748, "G_PRT": 0.0027210884353741495, "G_SYM": 0.0013605442176870747, "G_R": 0.0013605442176870747}, "PRP": {"PRT": 0.02666020358700921, "J": 0.045564711585070285, "V": 0.4886088221037324, "N": 0.159476490547746, "PRP": 0.06931652932622395, "R": 0.07416383906931653, "SYM": 0.0058167716917111, "PSP": 0.07367910809500727, "DT": 0.031992244304411055, "CC": 0.021812893843916627, "X": 0.00290838584585555}, "PSP": {"N": 0.20686367969494757, "DT": 0.18303145853193517, "PRP": 0.15919923736892277, "V": 0.15872259294566254, "R": 0.03622497616777884, "J": 0.06434699714013346, "SYM": 0.016682554814108675, "PSP": 0.05100095328884652, "PRT": 0.029551954242135366, "CC": 0.011916110581506196, "X": 0.012869399428026692, "E": 0.0014299332697807435, "G_N": 0.03145853193517636, "G_V": 0.025262154432793137, "G_J": 0.003336510962821735, "G_SYM": 0.0023832221163012394, "G_PRP": 0.003336510962821735, "G_PRT": 0.0014299332697807435, "$": 0.0009532888465204957}, "DT": {"N": 0.5432656132430399, "J": 0.2272385252069225, "V": 0.05718585402558315, "R": 0.02784048156508653, "DT": 0.03160270880361174, "PSP": 0.029345372460496615, "PRP": 0.020316027088036117, "SYM": 0.007524454477050414, "PRT": 0.004514672686230248, "X": 0.01580135440180587, "CC": 0.008276899924755455, "G_N": 0.019563581640331076, "G_V": 0.002257336343115124, "G_J": 0.004514672686230248, "G_R": 0.0007524454477050414}, "R": {"R": 0.0815956482320943, "DT": 0.05893019038984588, "N": 0.09610154125113328, "J": 0.1242067089755213, "PRP": 0.16953762466001812, "CC": 0.03626473254759746, "V": 0.25929283771532186, "SYM": 0.009066183136899365, "PRT": 0.029918404351767906, "PSP": 0.12783318223028106, "X": 0.006346328195829556, "E": 0.0009066183136899365}, "X": {"PRP": 0.07389162561576355, "N": 0.3645320197044335, "V": 0.1724137931034483, "CC": 0.04433497536945813, "DT": 0.054187192118226604, "PRT": 0.014778325123152709, "J": 0.029556650246305417, "R": 0.04433497536945813, "PSP": 0.10837438423645321, "SYM": 0.0049261083743842365, "X": 0.08866995073891626}, "E": {"R": 0.14285714285714285, "V": 0.42857142857142855, "J": 0.14285714285714285, "N": 0.2857142857142857}, "en": {"PSP": 1.0}, "G_J": {"G_N": 0.6056338028169014, "G_V": 0.20422535211267606, "CC": 0.035211267605633804, "G_J": 0.014084507042253521, "G_SYM": 0.014084507042253521, "G_PRT": 0.04225352112676056, "G_PRP": 0.035211267605633804, "PSP": 0.04225352112676056, "G_R": 0.007042253521126761}, "G_N": {"G_V": 0.19936034115138593, "G_J": 0.04157782515991471, "G_N": 0.4914712153518124, "G_SYM": 0.008528784648187633, "PSP": 0.10127931769722814, "CC": 0.021321961620469083, "G_PRT": 0.050106609808102345, "G_PRP": 0.07356076759061833, "$": 0.006396588486140725, "G_R": 0.0042643923240938165, "DT": 0.0021321961620469083}, "G_V": {"G_J": 0.03664921465968586, "G_PRP": 0.1544502617801047, "G_N": 0.3612565445026178, "G_V": 0.2094240837696335, "PSP": 0.07591623036649214, "DT": 0.049738219895287955, "G_PRT": 0.06806282722513089, "G_SYM": 0.013089005235602094, "G_R": 0.013089005235602094, "CC": 0.01832460732984293}, "G_PRP": {"G_N": 0.3875, "G_V": 0.26875, "G_PRP": 0.0625, "G_J": 0.11875, "G_PRT": 0.03125, "PSP": 0.0625, "G_SYM": 0.0125, "G_R": 0.0125, "CC": 0.025, "DT": 0.0125, "$": 0.00625}, "G_PRT": {"G_N": 0.5106382978723404, "PSP": 0.0851063829787234, "CC": 0.010638297872340425, "G_V": 0.2553191489361702, "G_PRP": 0.031914893617021274, "$": 0.031914893617021274, "G_PRT": 0.0425531914893617, "G_SYM": 0.010638297872340425, "G_R": 0.02127659574468085}, "$": {"G_PRT": 0.25, "G_V": 0.125, "G_N": 0.5, "PSP": 0.125}, "G_SYM": {"G_N": 0.5714285714285714, "G_V": 0.047619047619047616, "G_PRT": 0.23809523809523808, "CC": 0.047619047619047616, "G_J": 0.047619047619047616, "PSP": 0.047619047619047616}, "G_R": {"G_N": 0.391304347826087, "G_V": 0.21739130434782608, "G_PRT": 0.043478260869565216, "PSP": 0.08695652173913043, "G_J": 0.043478260869565216, "CC": 0.043478260869565216, "DT": 0.08695652173913043, "$": 0.043478260869565216, "G_R": 0.043478260869565216}}