{"START": {"G_N": 0.17335473515248795, "PSP": 0.06340288924558588, "N": 0.17415730337078653, "DT": 0.019261637239165328, "PRT": 0.06821829855537721, "G_J": 0.044141252006420544, "PRP": 0.09309791332263243, "V": 0.06902086677367576, "J": 0.04253611556982344, "$": 0.0016051364365971107, "G_V": 0.05457463884430177, "R": 0.056179775280898875, "G_SYM": 0.002407704654895666, "G_PRT": 0.05778491171749599, "SYM": 0.012038523274478331, "G_PRP": 0.023274478330658106, "CC": 0.024077046548956663, "G_R": 0.004815409309791332, "null": 0.0008025682182985554, "X": 0.014446227929373997, "E": 0.0008025682182985554}, "G_N": {"G_N": 0.49345549738219896, "G_PRP": 0.07722513089005235, "G_J": 0.041884816753926704, "G_V": 0.193717277486911, "PSP": 0.10602094240837696, "CC": 0.020942408376963352, "G_PRT": 0.04842931937172775, "G_R": 0.002617801047120419, "DT": 0.0013089005235602095, "G_SYM": 0.007853403141361256, "$": 0.006544502617801047}, "G_PRP": {"G_V": 0.2900763358778626, "CC": 0.022900763358778626, "G_J": 0.10687022900763359, "G_N": 0.35877862595419846, "G_PRT": 0.030534351145038167, "PSP": 0.06870229007633588, "DT": 0.015267175572519083, "G_PRP": 0.06870229007633588, "G_SYM": 0.015267175572519083, "G_R": 0.015267175572519083, "$": 0.007633587786259542}, "G_V": {"PSP": 0.066006600660066, "G_J": 0.036303630363036306, "G_N": 0.35313531353135313, "G_PRT": 0.06930693069306931, "G_V": 0.21782178217821782, "G_SYM": 0.0165016501650165, "G_R": 0.006600660066006601, "CC": 0.019801980198019802, "DT": 0.0594059405940594, "G_PRP": 0.1551155115511551}, "PSP": {"G_V": 0.02544378698224852, "PSP": 0.05207100591715976, "PRP": 0.15739644970414202, "DT": 0.17337278106508874, "J": 0.06745562130177515, "N": 0.20828402366863905, "CC": 0.011834319526627219, "V": 0.15621301775147928, "R": 0.036686390532544376, "X": 0.015976331360946745, "G_N": 0.03431952662721893, "PRT": 0.03017751479289941, "G_PRP": 0.0035502958579881655, "G_PRT": 0.0017751479289940828, "SYM": 0.01775147928994083, "G_J": 0.0035502958579881655, "G_SYM": 0.002366863905325444, "E": 0.0017751479289940828}, "G_J": {"G_N": 0.5849056603773585, "G_V": 0.20754716981132076, "G_PRT": 0.03773584905660377, "G_PRP": 0.04716981132075472, "CC": 0.03773584905660377, "G_SYM": 0.018867924528301886, "G_R": 0.009433962264150943, "PSP": 0.04716981132075472, "G_J": 0.009433962264150943}, "PRP": {"J": 0.04608019150209455, "V": 0.49251944943147813, "R": 0.07420706163973669, "N": 0.15439856373429084, "PRP": 0.0706163973668462, "PSP": 0.07121484141232795, "DT": 0.03291442250149611, "CC": 0.019748653500897665, "PRT": 0.029323758228605626, "SYM": 0.005984440454817474, "X": 0.002992220227408737}, "J": {"N": 0.5093360995850622, "J": 0.058091286307053944, "CC": 0.054979253112033194, "PSP": 0.10269709543568464, "PRP": 0.0487551867219917, "DT": 0.015560165975103735, "X": 0.01037344398340249, "PRT": 0.025933609958506226, "SYM": 0.005186721991701245, "V": 0.12966804979253113, "R": 0.03941908713692946}, "N": {"V": 0.1856360316494218, "CC": 0.06877662811929397, "PSP": 0.18746195982958003, "PRT": 0.03469263542300669, "R": 0.06299452221545952, "N": 0.2705416920267803, "PRP": 0.10894704808277542, "DT": 0.030736457699330495, "J": 0.028910529519172244, "X": 0.01278149726110773, "SYM": 0.008216676810712111, "E": 0.00030432136335970786}, "V": {"V": 0.23826366559485532, "PSP": 0.11511254019292605, "DT": 0.12057877813504823, "N": 0.12218649517684887, "SYM": 0.0090032154340836, "R": 0.0752411575562701, "J": 0.05787781350482315, "PRP": 0.1469453376205788, "PRT": 0.06302250803858521, "CC": 0.043086816720257236, "X": 0.0077170418006430866, "E": 0.0006430868167202572, "null": 0.0003215434083601286}, "DT": {"N": 0.5393364928909953, "V": 0.05781990521327014, "J": 0.21800947867298578, "X": 0.017061611374407582, "PSP": 0.03317535545023697, "R": 0.029383886255924172, "DT": 0.035071090047393366, "PRP": 0.01990521327014218, "G_N": 0.021800947867298578, "PRT": 0.005687203791469194, "G_J": 0.0037914691943127963, "SYM": 0.006635071090047393, "G_R": 0.0009478672985781991, "CC": 0.009478672985781991, "G_V": 0.0018957345971563982}, "CC": {"PRP": 0.15834767641996558, "V": 0.25817555938037867, "N": 0.19104991394148021, "PSP": 0.027538726333907058, "DT": 0.09466437177280551, "J": 0.06884681583476764, "R": 0.08777969018932874, "G_N": 0.03098106712564544, "X": 0.013769363166953529, "G_V": 0.013769363166953529, "PRT": 0.01549053356282272, "G_J": 0.010327022375215147, "G_PRT": 0.0034423407917383822, "CC": 0.008605851979345954, "G_PRP": 0.0017211703958691911, "SYM": 0.012048192771084338, "G_SYM": 0.0017211703958691911, "E": 0.0017211703958691911}, "SYM": {"PSP": 0.11267605633802817, "CC": 0.028169014084507043, "N": 0.4295774647887324, "PRT": 0.056338028169014086, "PRP": 0.02112676056338028, "J": 0.1267605633802817, "SYM": 0.02112676056338028, "V": 0.13380281690140844, "X": 0.02112676056338028, "R": 0.04225352112676056, "DT": 0.007042253521126761}, "R": {"V": 0.25934314835787087, "J": 0.1291053227633069, "PSP": 0.1291053227633069, "R": 0.07927519818799547, "DT": 0.053227633069082674, "CC": 0.03284258210645526, "N": 0.09513023782559456, "SYM": 0.010192525481313703, "PRP": 0.17780294450736125, "PRT": 0.027180067950169876, "X": 0.006795016987542469}, "PRT": {"V": 0.31732418524871353, "DT": 0.060034305317324184, "PRP": 0.12521440823327615, "PSP": 0.08576329331046312, "R": 0.03945111492281304, "N": 0.16981132075471697, "PRT": 0.12864493996569468, "SYM": 0.012006861063464836, "J": 0.0411663807890223, "CC": 0.018867924528301886, "X": 0.0017152658662092624}, "X": {"PSP": 0.11949685534591195, "N": 0.3584905660377358, "X": 0.06289308176100629, "V": 0.18867924528301888, "DT": 0.050314465408805034, "CC": 0.0440251572327044, "PRP": 0.07547169811320754, "R": 0.050314465408805034, "J": 0.031446540880503145, "SYM": 0.006289308176100629, "PRT": 0.012578616352201259}, "G_PRT": {"G_V": 0.22077922077922077, "G_N": 0.5454545454545454, "G_PRT": 0.03896103896103896, "G_PRP": 0.025974025974025976, "PSP": 0.09090909090909091, "G_R": 0.025974025974025976, "$": 0.025974025974025976, "G_SYM": 0.012987012987012988, "CC": 0.012987012987012988}, "$": {"G_PRT": 0.4, "G_V": 0.2, "G_N": 0.4}, "G_SYM": {"G_PRT": 0.25, "G_J": 0.05, "G_N": 0.55, "PSP": 0.05, "CC": 0.05, "G_V": 0.05}, "G_R": {"G_N": 0.5, "G_V": 0.35714285714285715, "DT": 0.07142857142857142, "G_PRT": 0.07142857142857142}, "E": {"N": 0.3333333333333333, "J": 0.16666666666666666, "R": 0.16666666666666666, "V": 0.3333333333333333}}